nhood,day_of_week,hour_bucket,total_travel_time,avg_travel_time,min_travel_time,max_travel_time
Castro/Upper Market,0,0-7,12579.45,449.2660714285715,179.09,1265.88
Castro/Upper Market,0,10-16,28474.62,662.200465116279,255.8,1605.5
Castro/Upper Market,0,16-19,23163.52,723.86,291.61,1775.85
Castro/Upper Market,0,19-0,17887.1,483.4351351351351,175.83,1439.29
Castro/Upper Market,0,7-10,13090.73,484.84185185185186,235.3,1603.5
Castro/Upper Market,1,0-7,7486.44,340.29272727272723,166.5,815.0
Castro/Upper Market,1,10-16,21140.87,587.2463888888889,280.74,1478.14
Castro/Upper Market,1,16-19,23994.6,774.0193548387097,269.75,1751.63
Castro/Upper Market,1,19-0,19165.78,532.3827777777777,206.71,1469.67
Castro/Upper Market,1,7-10,10037.96,456.2709090909091,338.61,833.5
Castro/Upper Market,2,0-7,12309.99,439.6425,161.42,1803.67
Castro/Upper Market,2,10-16,21325.53,561.1981578947368,254.24,1356.63
Castro/Upper Market,2,16-19,27714.510000000002,815.1326470588236,260.64,2213.29
Castro/Upper Market,2,19-0,18838.9,509.1594594594595,216.88,1315.0
Castro/Upper Market,2,7-10,13073.77,522.9508000000001,192.92,1963.33
Castro/Upper Market,3,0-7,6971.12,290.4633333333333,161.69,634.71
Castro/Upper Market,3,10-16,28128.12,654.1423255813953,279.17,1951.67
Castro/Upper Market,3,16-19,31604.84,854.1848648648648,309.82,1895.73
Castro/Upper Market,3,19-0,19858.85,536.7256756756757,217.76,1366.57
Castro/Upper Market,3,7-10,12082.53,483.30120000000005,322.57,1208.14
Castro/Upper Market,4,0-7,10638.19,366.8341379310345,166.71,779.9
Castro/Upper Market,4,10-16,33499.83,744.4406666666667,267.03,1646.33
Castro/Upper Market,4,16-19,25102.9,738.3205882352942,314.33,1812.93
Castro/Upper Market,4,19-0,21765.93,506.18441860465117,192.86,1451.43
Castro/Upper Market,4,7-10,12341.01,474.65423076923076,296.0,1793.0
Castro/Upper Market,5,0-7,12803.99,400.1246875,162.0,822.0
Castro/Upper Market,5,10-16,25919.34,617.1271428571429,252.8,1450.83
Castro/Upper Market,5,16-19,17587.92,517.2917647058823,195.5,2698.14
Castro/Upper Market,5,19-0,23502.670000000002,522.2815555555555,207.64,1450.29
Castro/Upper Market,5,7-10,12936.67,404.2709375,198.67,754.44
Castro/Upper Market,6,0-7,13365.09,417.6590625,167.92,1009.43
Castro/Upper Market,6,10-16,24823.68,620.592,261.23,1846.33
Castro/Upper Market,6,16-19,14940.800000000001,452.7515151515152,250.56,1235.0
Castro/Upper Market,6,19-0,20702.33,530.8289743589744,207.89,1295.0
Castro/Upper Market,6,7-10,10639.86,379.995,158.67,698.57
Chinatown,0,0-7,17001.21,1700.1209999999999,1334.4,1985.27
Chinatown,0,10-16,29098.96,1531.5242105263158,1224.71,2527.88
Chinatown,0,19-0,8677.42,1239.6314285714286,1146.57,1342.29
Chinatown,0,7-10,5851.96,1950.6533333333334,1685.14,2120.25
Chinatown,1,0-7,11843.7,1691.957142857143,1390.88,2199.75
Chinatown,1,10-16,19833.38,1416.67,1199.36,1630.89
Chinatown,1,16-19,2621.67,2621.67,2621.67,2621.67
Chinatown,1,19-0,8230.08,1028.76,262.5,1389.88
Chinatown,1,7-10,10380.890000000001,2076.1780000000003,1669.71,2610.57
Chinatown,2,0-7,15673.14,1567.3139999999999,1240.83,1901.0
Chinatown,2,10-16,31994.07,1599.7035,1234.0,2393.83
Chinatown,2,16-19,4937.0,1645.6666666666667,1529.0,1811.67
Chinatown,2,19-0,5169.700000000001,1292.4250000000002,1244.17,1358.5
Chinatown,2,7-10,2438.4,2438.4,2438.4,2438.4
Chinatown,3,0-7,15292.87,1699.207777777778,1311.75,2374.57
Chinatown,3,10-16,30174.66,1676.37,1238.75,2641.17
Chinatown,3,16-19,1753.83,1753.83,1753.83,1753.83
Chinatown,3,19-0,10459.82,1307.4775,1148.5,1575.5
Chinatown,3,7-10,9066.48,2266.62,1825.33,3366.0
Chinatown,4,0-7,1213.57,1213.57,1213.57,1213.57
Chinatown,4,10-16,35959.1,1892.5842105263157,1353.71,2853.89
Chinatown,4,16-19,7385.1900000000005,2461.73,2274.86,2741.83
Chinatown,4,19-0,9870.04,1096.6711111111113,205.67,1511.33
Chinatown,4,7-10,7432.5,1858.125,1272.0,2468.0
Chinatown,5,0-7,4713.29,1571.0966666666666,1355.29,1769.33
Chinatown,5,10-16,17860.44,1786.0439999999999,1532.43,2443.5
Chinatown,5,16-19,1490.88,1490.88,1490.88,1490.88
Chinatown,5,19-0,3969.3900000000003,661.565,164.0,1381.45
Chinatown,6,10-16,30415.56,1600.818947368421,1261.71,2238.0
Chinatown,6,16-19,5545.15,1386.2875,1195.0,1662.57
Chinatown,6,19-0,4969.5,993.9,149.83,1245.33
Chinatown,6,7-10,2691.27,1345.635,1320.44,1370.83
Civic Center,0,0-7,749.13,374.565,313.0,436.13
Civic Center,0,10-16,3436.27,687.254,461.29,1064.83
Civic Center,0,19-0,1197.6,199.6,102.0,488.17
Civic Center,0,7-10,2589.5,863.1666666666666,635.33,1183.0
Civic Center,1,0-7,445.0,445.0,445.0,445.0
Civic Center,1,10-16,3974.06,794.812,467.14,1111.56
Civic Center,1,16-19,1176.83,588.415,544.0,632.83
Civic Center,1,19-0,2569.57,321.19625,118.33,610.1
Civic Center,2,0-7,1432.98,716.49,584.27,848.71
Civic Center,2,10-16,8001.26,800.126,502.29,1091.83
Civic Center,2,19-0,2744.0299999999997,249.4572727272727,112.17,605.43
Civic Center,2,7-10,2436.03,1218.015,916.9,1519.13
Civic Center,3,10-16,5678.639999999999,630.9599999999999,470.29,845.29
Civic Center,3,16-19,759.0,759.0,759.0,759.0
Civic Center,3,19-0,4249.16,386.2872727272727,91.0,1610.0
Civic Center,4,10-16,9104.04,758.6700000000001,495.17,1119.89
Civic Center,4,16-19,3214.25,642.85,425.0,1033.83
Civic Center,4,19-0,5906.23,328.12388888888887,73.93,707.5
Civic Center,4,7-10,740.33,740.33,740.33,740.33
Civic Center,5,10-16,6093.54,609.354,431.0,771.88
Civic Center,5,16-19,435.5,435.5,435.5,435.5
Civic Center,5,19-0,4613.24,329.51714285714286,120.81,763.89
Civic Center,6,0-7,904.5,904.5,904.5,904.5
Civic Center,6,10-16,3033.25,758.3125,556.25,880.33
Civic Center,6,19-0,2012.53,503.1325,411.57,624.0
Haight Ashbury/Cole Valley,0,0-7,150685.79,984.8744444444445,412.21,2511.0
Haight Ashbury/Cole Valley,0,10-16,194223.68,990.9371428571428,514.56,2561.63
Haight Ashbury/Cole Valley,0,16-19,143442.12,1062.5342222222223,518.18,2639.35
Haight Ashbury/Cole Valley,0,19-0,137589.76,795.3165317919076,65.43,2140.83
Haight Ashbury/Cole Valley,0,7-10,207172.27,1218.6604117647057,378.0,3132.67
Haight Ashbury/Cole Valley,1,0-7,116951.83,935.61464,385.5,2568.17
Haight Ashbury/Cole Valley,1,10-16,184015.6,994.678918918919,456.44,2666.17
Haight Ashbury/Cole Valley,1,16-19,144092.12,1190.8439669421487,530.57,2908.69
Haight Ashbury/Cole Valley,1,19-0,143000.34,841.1784705882353,42.17,2139.38
Haight Ashbury/Cole Valley,1,7-10,179273.82,1203.18,371.17,2779.91
Haight Ashbury/Cole Valley,2,0-7,141417.7,968.6143835616439,394.18,2896.25
Haight Ashbury/Cole Valley,2,10-16,195713.6,998.5387755102041,471.9,3244.86
Haight Ashbury/Cole Valley,2,16-19,167889.18,1157.8564137931035,471.63,2656.54
Haight Ashbury/Cole Valley,2,19-0,151620.08,824.0221739130434,57.71,2124.42
Haight Ashbury/Cole Valley,2,7-10,173407.23,1126.020974025974,465.71,2655.5
Haight Ashbury/Cole Valley,3,0-7,125785.37,945.7546616541352,386.78,2501.0
Haight Ashbury/Cole Valley,3,10-16,216750.78,1062.5038235294116,485.29,2857.24
Haight Ashbury/Cole Valley,3,16-19,177673.63,1192.4404697986577,524.0,2798.44
Haight Ashbury/Cole Valley,3,19-0,174967.26,861.907684729064,55.33,2145.13
Haight Ashbury/Cole Valley,3,7-10,185868.25,1176.381329113924,527.78,3078.36
Haight Ashbury/Cole Valley,4,0-7,129855.12,877.3994594594594,363.42,2190.88
Haight Ashbury/Cole Valley,4,10-16,239817.29,1136.574834123223,469.71,4458.43
Haight Ashbury/Cole Valley,4,16-19,160984.15,1183.7069852941177,525.17,2583.37
Haight Ashbury/Cole Valley,4,19-0,175648.26,828.5295283018868,50.71,2435.33
Haight Ashbury/Cole Valley,4,7-10,158068.65,1000.434493670886,491.88,2560.0
Haight Ashbury/Cole Valley,5,0-7,135823.86,803.6914792899407,381.0,1945.0
Haight Ashbury/Cole Valley,5,10-16,178218.33,995.63312849162,494.5,3917.83
Haight Ashbury/Cole Valley,5,16-19,136575.51,975.5393571428572,532.25,2458.33
Haight Ashbury/Cole Valley,5,19-0,150211.55,786.4479057591623,62.44,1639.67
Haight Ashbury/Cole Valley,5,7-10,110858.25,786.2287234042553,467.38,2105.83
Haight Ashbury/Cole Valley,6,0-7,143834.87,861.2866467065868,404.89,1823.3
Haight Ashbury/Cole Valley,6,10-16,188678.97,987.8480104712042,453.71,3867.09
Haight Ashbury/Cole Valley,6,16-19,141623.12,913.6975483870967,516.86,3761.17
Haight Ashbury/Cole Valley,6,19-0,154693.18,845.3179234972678,60.0,2607.63
Haight Ashbury/Cole Valley,6,7-10,99462.81,783.1717322834645,346.5,1655.33
Hayes Valley/Lower Haight,0,0-7,10263.46,3421.153333333333,3028.29,3694.0
Hayes Valley/Lower Haight,0,10-16,58362.27,2918.1135,2519.86,3503.38
Hayes Valley/Lower Haight,0,16-19,27208.34,3401.0425,3257.75,3710.0
Hayes Valley/Lower Haight,0,19-0,27165.77,1293.6080952380953,128.6,3016.86
Hayes Valley/Lower Haight,0,7-10,50443.97,3603.1407142857142,1812.43,4359.86
Hayes Valley/Lower Haight,1,0-7,9794.84,3264.9466666666667,2721.0,3811.17
Hayes Valley/Lower Haight,1,10-16,61265.49,3063.2745,2705.67,3430.45
Hayes Valley/Lower Haight,1,16-19,51402.27,3954.020769230769,3351.45,5081.0
Hayes Valley/Lower Haight,1,19-0,60597.590000000004,1836.2906060606063,145.41,3232.5
Hayes Valley/Lower Haight,1,7-10,73209.24,3660.4620000000004,1537.38,4947.59
Hayes Valley/Lower Haight,2,0-7,16634.18,3326.8360000000002,2173.73,4375.5
Hayes Valley/Lower Haight,2,10-16,71849.13,3123.8752173913044,2273.17,3737.65
Hayes Valley/Lower Haight,2,16-19,59475.32,3965.021333333333,3183.57,4735.67
Hayes Valley/Lower Haight,2,19-0,49930.22,1721.731724137931,119.62,3115.89
Hayes Valley/Lower Haight,2,7-10,75237.77,3761.8885,2986.0,4679.72
Hayes Valley/Lower Haight,3,0-7,3292.13,3292.13,3292.13,3292.13
Hayes Valley/Lower Haight,3,10-16,70894.28,3222.4672727272728,2592.57,4031.78
Hayes Valley/Lower Haight,3,16-19,68797.18000000001,4046.892941176471,3141.43,4999.33
Hayes Valley/Lower Haight,3,19-0,53293.86,1776.462,187.95,3107.0
Hayes Valley/Lower Haight,3,7-10,69323.06,3851.281111111111,2842.33,5583.89
Hayes Valley/Lower Haight,4,10-16,68371.33,3255.7776190476193,2896.29,3695.11
Hayes Valley/Lower Haight,4,16-19,41616.72,3783.338181818182,2415.14,4735.33
Hayes Valley/Lower Haight,4,19-0,28087.78,1337.5133333333333,154.9,3493.0
Hayes Valley/Lower Haight,4,7-10,50877.53,3391.8353333333334,2811.88,3929.83
Hayes Valley/Lower Haight,5,0-7,3755.1000000000004,1877.5500000000002,1730.67,2024.43
Hayes Valley/Lower Haight,5,10-16,26635.06,2959.4511111111115,2735.29,3470.33
Hayes Valley/Lower Haight,5,16-19,14814.15,2962.83,2376.0,3381.0
Hayes Valley/Lower Haight,5,19-0,25856.23,1175.283181818182,160.17,2836.83
Hayes Valley/Lower Haight,6,0-7,11992.85,1998.8083333333334,1727.17,2766.4
Hayes Valley/Lower Haight,6,10-16,16182.3,2697.0499999999997,2584.67,2873.83
Hayes Valley/Lower Haight,6,16-19,8469.61,2823.2033333333334,2755.33,2892.14
Hayes Valley/Lower Haight,6,19-0,9087.61,649.115,154.07,2654.25
Inner Richmond,0,0-7,31856.66,796.4165,278.43,1488.8
Inner Richmond,0,10-16,54739.77,817.0114925373134,348.17,1571.11
Inner Richmond,0,16-19,22069.28,761.0096551724138,347.4,1437.63
Inner Richmond,0,19-0,18785.64,587.05125,319.57,1189.44
Inner Richmond,0,7-10,35375.0,956.081081081081,350.8,1820.68
Inner Richmond,1,0-7,26197.99,818.6871875,385.67,1630.69
Inner Richmond,1,10-16,48046.27,800.7711666666667,339.17,1672.33
Inner Richmond,1,16-19,24876.68,921.3585185185185,339.36,4263.5
Inner Richmond,1,19-0,33556.52,713.9685106382979,260.78,1476.83
Inner Richmond,1,7-10,37365.18,1132.2781818181818,398.6,2193.43
Inner Richmond,2,0-7,30277.44,776.3446153846154,392.43,1501.78
Inner Richmond,2,10-16,54802.11,805.9133823529412,338.71,1572.3
Inner Richmond,2,16-19,27572.81,787.7945714285714,314.3,1545.67
Inner Richmond,2,19-0,40295.7,732.6490909090909,261.83,1285.17
Inner Richmond,2,7-10,39401.08,985.027,391.0,1766.29
Inner Richmond,3,0-7,26671.829999999998,784.465588235294,368.62,1507.43
Inner Richmond,3,10-16,56161.090000000004,825.8983823529412,287.0,1535.33
Inner Richmond,3,16-19,32583.6,880.6378378378378,319.67,2200.0
Inner Richmond,3,19-0,40834.16,742.4392727272727,264.31,1547.17
Inner Richmond,3,7-10,32103.079999999998,944.2082352941176,382.33,1922.3
Inner Richmond,4,0-7,29383.75,773.2565789473684,374.79,1337.79
Inner Richmond,4,10-16,66776.48,878.6378947368421,363.0,1766.38
Inner Richmond,4,16-19,38878.8,809.975,357.18,1759.22
Inner Richmond,4,19-0,49763.72,710.9102857142857,74.67,1327.63
Inner Richmond,4,7-10,27292.32,852.885,477.58,1548.14
Inner Richmond,5,0-7,32630.12,652.6024,320.29,1340.8
Inner Richmond,5,10-16,41630.89,770.9424074074074,351.56,1863.67
Inner Richmond,5,16-19,32166.56,731.0581818181819,319.36,1509.67
Inner Richmond,5,19-0,49698.58,680.8024657534247,259.83,1244.0
Inner Richmond,5,7-10,13139.42,597.2463636363636,376.95,1308.17
Inner Richmond,6,0-7,43940.409999999996,708.7162903225806,363.93,1373.0
Inner Richmond,6,10-16,39666.08,721.2014545454546,320.83,1388.64
Inner Richmond,6,16-19,16513.19,688.0495833333333,312.29,1343.0
Inner Richmond,6,19-0,38822.82,746.5926923076923,262.5,1971.33
Inner Richmond,6,7-10,13884.88,631.1309090909091,337.57,1104.71
Marina/Cow Hollow,0,0-7,13340.21,317.6240476190476,94.0,665.63
Marina/Cow Hollow,0,10-16,24368.05,427.509649122807,138.69,2047.5
Marina/Cow Hollow,0,16-19,14239.82,355.9955,147.32,1427.0
Marina/Cow Hollow,0,19-0,9888.62,253.554358974359,108.67,478.5
Marina/Cow Hollow,0,7-10,21000.28,456.5278260869565,117.57,1467.38
Marina/Cow Hollow,1,0-7,10852.220000000001,293.3032432432433,125.86,597.17
Marina/Cow Hollow,1,10-16,20924.77,387.49574074074076,138.65,2088.17
Marina/Cow Hollow,1,16-19,10772.2,299.2277777777778,113.07,1100.71
Marina/Cow Hollow,1,19-0,10777.25,276.3397435897436,81.75,725.17
Marina/Cow Hollow,1,7-10,13818.99,373.48621621621623,109.57,1212.43
Marina/Cow Hollow,2,0-7,19103.94,406.46680851063826,118.0,1252.67
Marina/Cow Hollow,2,10-16,17553.57,337.56865384615384,132.45,2473.33
Marina/Cow Hollow,2,16-19,17986.21,382.6853191489362,120.33,1573.5
Marina/Cow Hollow,2,19-0,14170.42,322.055,118.95,1754.0
Marina/Cow Hollow,2,7-10,14109.31,361.77717948717947,124.56,1467.5
Marina/Cow Hollow,3,0-7,11253.69,296.14973684210526,101.23,784.82
Marina/Cow Hollow,3,10-16,30224.04,479.74666666666667,123.64,2946.43
Marina/Cow Hollow,3,16-19,14261.1,331.653488372093,120.18,1345.5
Marina/Cow Hollow,3,19-0,19514.03,390.2806,129.46,2378.0
Marina/Cow Hollow,3,7-10,13020.91,351.91648648648646,138.91,1166.12
Marina/Cow Hollow,4,0-7,12486.33,337.46837837837836,183.74,648.5
Marina/Cow Hollow,4,10-16,29352.65,444.7371212121212,126.92,2529.33
Marina/Cow Hollow,4,16-19,24258.82,433.1932142857143,152.88,3050.0
Marina/Cow Hollow,4,19-0,27395.24,346.77518987341773,161.42,1246.0
Marina/Cow Hollow,4,7-10,14189.05,373.3960526315789,130.87,1184.17
Marina/Cow Hollow,5,0-7,20720.61,370.0108928571429,150.03,1000.5
Marina/Cow Hollow,5,10-16,20462.66,352.8044827586207,127.29,1312.83
Marina/Cow Hollow,5,16-19,15548.34,317.3130612244898,149.33,2013.75
Marina/Cow Hollow,5,19-0,37599.62,408.69152173913045,107.17,1804.82
Marina/Cow Hollow,5,7-10,9705.27,269.59083333333336,86.4,568.5
Marina/Cow Hollow,6,0-7,25857.93,391.7868181818182,145.0,1658.29
Marina/Cow Hollow,6,10-16,20140.53,366.1914545454545,105.67,1632.0
Marina/Cow Hollow,6,16-19,9249.63,256.93416666666667,140.05,492.25
Marina/Cow Hollow,6,19-0,18523.9,330.7839285714286,123.45,789.17
Marina/Cow Hollow,6,7-10,8164.81,255.1503125,120.88,462.06
Mission,0,0-7,105515.7,676.3826923076923,80.0,3110.4
Mission,0,10-16,181154.44,777.4868669527897,132.17,2372.29
Mission,0,16-19,104124.47,743.7462142857142,171.83,2416.0
Mission,0,19-0,93689.42,628.7880536912752,98.0,2200.73
Mission,0,7-10,156483.49,942.671626506024,128.43,3685.33
Mission,1,0-7,78554.78,581.8872592592593,102.22,3256.2
Mission,1,10-16,159244.22,704.6204424778762,129.47,2658.5
Mission,1,16-19,122913.02,859.5316083916084,173.22,3220.33
Mission,1,19-0,86566.79,627.2955797101449,98.17,1794.83
Mission,1,7-10,169906.66,965.37875,117.89,3920.83
Mission,2,0-7,97843.84,665.6043537414965,122.78,2986.14
Mission,2,10-16,183781.66,759.4283471074381,96.0,2863.57
Mission,2,16-19,122278.38,820.6602684563759,101.5,3475.18
Mission,2,19-0,99730.52,643.4227096774193,99.44,2338.0
Mission,2,7-10,150540.91,885.5347647058824,149.3,3736.33
Mission,3,0-7,88482.18,623.1139436619718,125.88,3019.33
Mission,3,10-16,187036.78,760.3121138211382,103.4,2598.71
Mission,3,16-19,145094.8,918.3215189873417,113.5,3234.71
Mission,3,19-0,107691.14,626.1112790697674,86.5,2405.33
Mission,3,7-10,157656.3,866.2434065934066,142.7,4863.43
Mission,4,0-7,78044.76,553.5089361702127,106.25,2279.14
Mission,4,10-16,210928.51,814.3957915057915,131.3,2733.88
Mission,4,16-19,152419.74,837.4710989010988,119.0,3203.09
Mission,4,19-0,135564.1,613.4122171945702,97.29,2228.75
Mission,4,7-10,118041.36,694.3609411764706,111.89,2363.25
Mission,5,0-7,95036.62,559.0389411764705,87.75,2209.0
Mission,5,10-16,148106.35,676.2847031963471,105.44,2645.5
Mission,5,16-19,88882.18,689.0091472868216,135.33,2145.88
Mission,5,19-0,139623.26,569.8908571428572,65.55,2100.29
Mission,5,7-10,48232.96,588.2068292682927,80.33,2030.17
Mission,6,0-7,113062.56,582.7967010309278,95.64,2156.25
Mission,6,10-16,155881.16,695.8980357142857,94.0,2439.57
Mission,6,16-19,69171.28,634.5988990825688,141.73,1841.5
Mission,6,19-0,112853.11,606.7371505376344,98.0,2197.71
Mission,6,7-10,48891.21,555.5819318181818,146.0,2091.5
Nob Hill,0,0-7,1060.6399999999999,212.128,145.38,266.13
Nob Hill,0,10-16,3414.61,227.64066666666668,140.17,556.5
Nob Hill,0,16-19,380.12,190.06,186.83,193.29
Nob Hill,0,19-0,198.17,198.17,198.17,198.17
Nob Hill,0,7-10,1083.37,270.8425,126.44,423.5
Nob Hill,1,0-7,548.99,182.99666666666667,149.67,209.57
Nob Hill,1,10-16,5937.82,269.90090909090907,122.5,668.5
Nob Hill,1,16-19,1234.54,308.635,197.5,363.63
Nob Hill,1,19-0,456.80999999999995,228.40499999999997,200.67,256.14
Nob Hill,1,7-10,2006.49,200.649,99.89,301.14
Nob Hill,2,0-7,5706.05,438.9269230769231,145.0,794.38
Nob Hill,2,10-16,6894.57,275.7828,117.0,941.67
Nob Hill,2,16-19,1863.1999999999998,232.89999999999998,113.5,296.33
Nob Hill,2,19-0,871.63,174.326,128.83,238.17
Nob Hill,2,7-10,2498.69,192.2069230769231,114.86,346.86
Nob Hill,3,0-7,962.31,320.77,121.0,580.14
Nob Hill,3,10-16,4956.89,260.88894736842104,146.89,659.5
Nob Hill,3,16-19,3033.78,252.81500000000003,140.88,427.0
Nob Hill,3,19-0,1129.46,282.365,187.5,464.88
Nob Hill,3,7-10,2981.0699999999997,212.9335714285714,95.0,381.86
Nob Hill,4,0-7,647.27,129.454,77.67,210.43
Nob Hill,4,10-16,7423.56,296.9424,131.5,849.86
Nob Hill,4,16-19,2086.32,231.81333333333336,170.11,350.0
Nob Hill,4,19-0,7773.11,259.10366666666664,103.64,634.67
Nob Hill,4,7-10,2398.64,199.88666666666666,128.4,253.5
Nob Hill,5,0-7,7171.53,265.6122222222222,110.73,754.29
Nob Hill,5,10-16,3422.14,228.14266666666666,148.33,483.25
Nob Hill,5,16-19,2894.18,321.5755555555555,163.88,545.75
Nob Hill,5,19-0,12944.57,349.85324324324324,121.55,894.5
Nob Hill,5,7-10,698.71,174.6775,116.86,220.71
Nob Hill,6,0-7,8747.56,282.1793548387097,112.92,916.67
Nob Hill,6,10-16,4902.0599999999995,272.33666666666664,163.91,830.5
Nob Hill,6,16-19,341.0,341.0,341.0,341.0
Nob Hill,6,19-0,3801.77,380.177,188.36,750.83
Nob Hill,6,7-10,286.14,286.14,286.14,286.14
North Beach/Waterfront,5,10-16,436.33,436.33,436.33,436.33
Pacific Heights,0,0-7,5226.32,580.7022222222222,525.48,682.83
Pacific Heights,0,10-16,23456.62,689.9005882352941,196.71,1557.86
Pacific Heights,0,16-19,16294.2,708.4434782608696,108.5,1043.5
Pacific Heights,0,19-0,13986.64,635.7563636363636,88.7,1318.0
Pacific Heights,0,7-10,21806.7,908.6125000000001,272.67,2107.17
Pacific Heights,1,0-7,5558.18,617.5755555555556,518.19,748.14
Pacific Heights,1,10-16,27828.55,732.3302631578947,191.83,1630.27
Pacific Heights,1,16-19,15808.3,718.5590909090909,199.13,1013.88
Pacific Heights,1,19-0,15180.52,660.0226086956521,54.67,1287.91
Pacific Heights,1,7-10,13258.34,1019.8723076923077,644.32,2076.14
Pacific Heights,2,0-7,10537.63,658.601875,269.0,1244.25
Pacific Heights,2,10-16,26904.09,768.6882857142857,206.38,1998.83
Pacific Heights,2,16-19,16366.2,711.5739130434783,260.86,975.57
Pacific Heights,2,19-0,17532.86,649.3651851851852,160.17,1519.86
Pacific Heights,2,7-10,12927.960000000001,994.4584615384616,707.62,2296.71
Pacific Heights,3,0-7,6685.58,607.78,536.0,657.63
Pacific Heights,3,10-16,28253.079999999998,763.5967567567567,189.4,1965.5
Pacific Heights,3,16-19,18129.88,725.1952,243.0,982.71
Pacific Heights,3,19-0,19869.05,620.9078125,25.67,1280.0
Pacific Heights,3,7-10,18868.69,1109.9229411764704,627.67,2222.25
Pacific Heights,4,0-7,6441.19,585.5627272727272,443.0,711.92
Pacific Heights,4,10-16,28685.45,717.13625,141.67,1985.57
Pacific Heights,4,16-19,21966.77,757.4748275862069,238.83,1971.0
Pacific Heights,4,19-0,28015.0,560.3,64.18,1547.57
Pacific Heights,4,7-10,13930.98,870.68625,593.76,1930.71
Pacific Heights,5,0-7,13439.42,559.9758333333333,149.33,1059.33
Pacific Heights,5,10-16,33633.78,800.8042857142857,228.65,2944.0
Pacific Heights,5,16-19,27558.19,725.2155263157895,217.12,2067.0
Pacific Heights,5,19-0,30312.38,551.1341818181818,62.67,1391.22
Pacific Heights,5,7-10,12851.75,611.9880952380952,235.5,1183.17
Pacific Heights,6,0-7,13086.4,568.9739130434782,277.5,860.33
Pacific Heights,6,10-16,30286.22,757.1555000000001,179.9,1798.56
Pacific Heights,6,16-19,16849.95,673.998,240.13,1182.83
Pacific Heights,6,19-0,20885.41,614.2767647058823,93.5,1341.33
Pacific Heights,6,7-10,8140.79,626.2146153846154,177.67,1020.17
Potrero Hill,0,0-7,28935.49,741.9356410256411,202.0,1581.53
Potrero Hill,0,10-16,38693.91,859.8646666666667,203.5,1939.0
Potrero Hill,0,16-19,41117.01,1002.8539024390244,273.08,2320.3
Potrero Hill,0,19-0,31568.45,717.4647727272727,44.5,1647.64
Potrero Hill,0,7-10,35483.91,959.0245945945946,196.83,2248.2
Potrero Hill,1,0-7,19986.05,666.2016666666666,229.83,1336.33
Potrero Hill,1,10-16,40160.53,933.9658139534884,207.29,1772.43
Potrero Hill,1,16-19,44522.11,1113.05275,262.82,2596.09
Potrero Hill,1,19-0,34446.25,675.4166666666666,66.47,1549.25
Potrero Hill,1,7-10,37347.74,1067.0782857142856,208.25,2417.43
Potrero Hill,2,0-7,27240.760000000002,736.2367567567568,198.33,1472.2
Potrero Hill,2,10-16,43232.01,939.8263043478262,224.88,1983.35
Potrero Hill,2,16-19,45780.31,1064.6583720930232,277.2,2302.22
Potrero Hill,2,19-0,34694.62,642.492962962963,32.33,1548.09
Potrero Hill,2,7-10,42419.9,1009.9976190476191,248.17,2335.1
Potrero Hill,3,0-7,27755.65,730.4118421052632,164.86,1827.14
Potrero Hill,3,10-16,45310.24,924.6987755102041,204.17,1760.0
Potrero Hill,3,16-19,50408.64,1120.192,279.94,2416.13
Potrero Hill,3,19-0,35950.78,619.8410344827586,45.33,1487.82
Potrero Hill,3,7-10,44298.62,1054.7290476190476,270.75,2477.25
Potrero Hill,4,0-7,28429.17,728.9530769230769,224.47,1487.0
Potrero Hill,4,10-16,43557.44,967.9431111111112,196.83,2035.19
Potrero Hill,4,16-19,48185.89,1095.1338636363637,271.0,2305.6
Potrero Hill,4,19-0,47584.08,679.7725714285715,51.75,1879.17
Potrero Hill,4,7-10,38648.89,990.9971794871794,235.06,2148.07
Potrero Hill,5,0-7,32706.08,726.8017777777778,227.05,1411.5
Potrero Hill,5,10-16,42991.43,934.596304347826,224.33,2560.13
Potrero Hill,5,16-19,40398.38,918.145,288.58,1734.15
Potrero Hill,5,19-0,42138.53,638.4625757575758,57.29,1897.14
Potrero Hill,5,7-10,31911.3,778.3243902439024,218.33,1760.67
Potrero Hill,6,0-7,35312.07,735.668125,248.82,1686.83
Potrero Hill,6,10-16,39051.97,848.9558695652174,262.27,1642.31
Potrero Hill,6,16-19,34163.51,854.08775,279.65,1785.63
Potrero Hill,6,19-0,39595.9,659.9316666666667,90.62,1549.43
Potrero Hill,6,7-10,20265.71,614.1124242424243,188.0,1266.45
Russian Hill,2,0-7,1447.16,723.58,652.83,794.33
Russian Hill,2,19-0,239.83,239.83,239.83,239.83
Russian Hill,3,10-16,1898.2,1898.2,1898.2,1898.2
Russian Hill,3,16-19,2001.17,2001.17,2001.17,2001.17
Russian Hill,3,19-0,483.33,483.33,483.33,483.33
Russian Hill,4,10-16,4878.43,1626.1433333333334,1576.33,1711.0
Tenderloin,0,0-7,4494.95,374.57916666666665,191.3,704.0
Tenderloin,0,10-16,12013.57,667.4205555555556,198.06,2265.57
Tenderloin,0,16-19,2198.0,244.22222222222223,192.83,286.14
Tenderloin,0,19-0,2700.09,245.46272727272728,165.56,332.74
Tenderloin,0,7-10,7859.91,561.4221428571428,196.29,1856.71
Tenderloin,1,0-7,2407.31,300.91375,235.78,496.38
Tenderloin,1,10-16,11095.35,652.6676470588236,183.29,2767.83
Tenderloin,1,16-19,6071.96,607.196,187.0,4010.67
Tenderloin,1,19-0,6860.139999999999,457.3426666666666,174.67,2173.25
Tenderloin,1,7-10,8159.21,582.8007142857143,186.47,2165.0
Tenderloin,2,0-7,5212.84,400.9876923076923,196.43,1029.09
Tenderloin,2,10-16,6057.51,378.594375,166.24,1134.83
Tenderloin,2,16-19,2585.49,235.04454545454544,160.17,291.87
Tenderloin,2,19-0,5653.46,434.88153846153847,191.93,2247.0
Tenderloin,2,7-10,11122.4,695.15,175.31,1780.33
Tenderloin,3,0-7,3092.31,309.231,186.5,542.75
Tenderloin,3,10-16,9612.21,565.4241176470588,178.94,2188.67
Tenderloin,3,16-19,4639.42,386.61833333333334,181.63,2118.71
Tenderloin,3,19-0,9301.51,516.7505555555556,39.5,2313.43
Tenderloin,3,7-10,9055.13,646.795,171.56,1920.0
Tenderloin,4,0-7,2417.39,268.5988888888889,170.0,416.75
Tenderloin,4,10-16,28238.69,1086.1034615384615,187.9,4034.38
Tenderloin,4,16-19,7060.69,543.13,179.36,2851.56
Tenderloin,4,19-0,11964.39,598.2194999999999,86.43,2115.5
Tenderloin,4,7-10,2325.82,232.58200000000002,163.71,376.75
Tenderloin,5,0-7,5500.74,423.13384615384615,242.73,1221.67
Tenderloin,5,10-16,12468.269999999999,656.2247368421052,181.67,2521.83
Tenderloin,5,16-19,6413.05,427.5366666666667,156.91,1192.71
Tenderloin,5,19-0,6213.85,388.365625,65.57,1034.0
Tenderloin,5,7-10,2358.25,393.0416666666667,166.25,997.07
Tenderloin,6,0-7,4721.8,393.48333333333335,211.25,1017.57
Tenderloin,6,10-16,8837.71,490.9838888888888,174.0,1082.64
Tenderloin,6,16-19,4696.13,361.2407692307692,172.55,1108.17
Tenderloin,6,19-0,5634.5,433.4230769230769,193.4,2050.0
Tenderloin,6,7-10,2808.25,280.825,163.58,381.06
Western Addition,3,19-0,798.51,199.6275,127.29,267.0
Western Addition,6,19-0,766.0,766.0,766.0,766.0
Western SoMa,0,0-7,6987.27,268.74115384615385,236.64,297.77
Western SoMa,0,10-16,7875.72,302.9123076923077,237.07,434.34
Western SoMa,0,16-19,9368.12,360.31230769230774,226.35,694.26
Western SoMa,0,19-0,8264.51,229.56972222222223,43.75,355.53
Western SoMa,0,7-10,12205.96,469.46,229.74,891.67
Western SoMa,1,0-7,7319.18,281.5069230769231,241.04,338.48
Western SoMa,1,10-16,8234.4,316.7076923076923,233.04,468.93
Western SoMa,1,16-19,11502.83,442.41653846153844,233.5,1082.72
Western SoMa,1,19-0,9840.61,273.3502777777778,107.1,563.3
Western SoMa,1,7-10,13571.84,521.9938461538461,219.84,860.33
Western SoMa,2,0-7,7362.08,283.1569230769231,236.81,401.47
Western SoMa,2,10-16,8631.51,331.98115384615386,232.62,544.28
Western SoMa,2,16-19,11239.94,432.30538461538464,226.28,954.0
Western SoMa,2,19-0,8504.44,236.23444444444445,85.32,360.58
Western SoMa,2,7-10,12631.11,485.8119230769231,240.8,908.72
Western SoMa,3,0-7,7236.82,278.33923076923077,238.88,312.39
Western SoMa,3,10-16,9466.62,364.1007692307693,222.73,683.05
Western SoMa,3,16-19,10594.02,407.4623076923077,235.94,756.84
Western SoMa,3,19-0,9410.91,254.3489189189189,49.85,372.97
Western SoMa,3,7-10,13895.87,534.4565384615385,218.36,1141.92
Western SoMa,4,0-7,6922.34,266.24384615384616,239.12,313.48
Western SoMa,4,10-16,9988.54,384.17461538461544,240.63,765.15
Western SoMa,4,16-19,12551.05,482.7326923076923,237.71,1305.65
Western SoMa,4,19-0,10240.11,284.4475,174.77,637.72
Western SoMa,4,7-10,10795.34,415.2053846153846,216.7,794.55
Western SoMa,5,0-7,7267.74,279.52846153846156,244.47,351.73
Western SoMa,5,10-16,9082.880000000001,349.3415384615385,233.93,772.76
Western SoMa,5,16-19,9476.789999999999,364.49192307692306,229.32,729.89
Western SoMa,5,19-0,9222.869999999999,256.19083333333333,169.21,321.51
Western SoMa,5,7-10,7276.38,279.8607692307692,224.19,398.36
Western SoMa,6,0-7,7096.21,272.93115384615385,241.24,349.25
Western SoMa,6,10-16,7383.32,283.9738461538461,228.13,399.82
Western SoMa,6,16-19,7225.25,277.8942307692308,227.63,348.3
Western SoMa,6,19-0,9799.18,264.8427027027027,81.5,635.89
Western SoMa,6,7-10,6744.22,259.39307692307693,224.72,346.25
